Date,State,Latitude,Longitude,Confirmed,Active,Deaths,Mortality_rate,Cured,Recovery_rate
2020/01/30,Kerala,10.8505,76.2711,1,1,0,0.0,0,0.0
2020/01/31,Kerala,10.8505,76.2711,1,1,0,0.0,0,0.0
2020/02/01,Kerala,10.8505,76.2711,2,2,0,0.0,0,0.0
2020/02/02,Kerala,10.8505,76.2711,3,3,0,0.0,0,0.0
2020/02/03,Kerala,10.8505,76.2711,3,3,0,0.0,0,0.0
2020/02/04,Kerala,10.8505,76.2711,3,3,0,0.0,0,0.0
2020/02/05,Kerala,10.8505,76.2711,3,3,0,0.0,0,0.0
2020/02/06,Kerala,10.8505,76.2711,3,3,0,0.0,0,0.0
2020/02/07,Kerala,10.8505,76.2711,3,3,0,0.0,0,0.0
2020/02/08,Kerala,10.8505,76.2711,3,3,0,0.0,0,0.0
2020/02/09,Kerala,10.8505,76.2711,3,3,0,0.0,0,0.0
2020/02/10,Kerala,10.8505,76.2711,3,3,0,0.0,0,0.0
2020/02/11,Kerala,10.8505,76.2711,3,3,0,0.0,0,0.0
2020/02/12,Kerala,10.8505,76.2711,3,3,0,0.0,0,0.0
2020/02/13,Kerala,10.8505,76.2711,3,3,0,0.0,0,0.0
2020/02/14,Kerala,10.8505,76.2711,3,3,0,0.0,0,0.0
2020/02/15,Kerala,10.8505,76.2711,3,3,0,0.0,0,0.0
2020/02/16,Kerala,10.8505,76.2711,3,3,0,0.0,0,0.0
2020/02/17,Kerala,10.8505,76.2711,3,3,0,0.0,0,0.0
2020/02/18,Kerala,10.8505,76.2711,3,3,0,0.0,0,0.0
2020/02/19,Kerala,10.8505,76.2711,3,3,0,0.0,0,0.0
2020/02/20,Kerala,10.8505,76.2711,3,3,0,0.0,0,0.0
2020/02/21,Kerala,10.8505,76.2711,3,3,0,0.0,0,0.0
2020/02/22,Kerala,10.8505,76.2711,3,3,0,0.0,0,0.0
2020/02/23,Kerala,10.8505,76.2711,3,3,0,0.0,0,0.0
2020/02/24,Kerala,10.8505,76.2711,3,3,0,0.0,0,0.0
2020/02/25,Kerala,10.8505,76.2711,3,3,0,0.0,0,0.0
2020/02/26,Kerala,10.8505,76.2711,3,3,0,0.0,0,0.0
2020/02/27,Kerala,10.8505,76.2711,3,3,0,0.0,0,0.0
2020/02/28,Kerala,10.8505,76.2711,3,3,0,0.0,0,0.0
2020/02/29,Kerala,10.8505,76.2711,3,3,0,0.0,0,0.0
2020/03/01,Kerala,10.8505,76.2711,3,3,0,0.0,0,0.0
2020/03/02,Delhi,28.7041,77.1025,1,1,0,0.0,0,0.0
2020/03/02,Kerala,10.8505,76.2711,3,3,0,0.0,0,0.0
2020/03/02,Telengana,18.1124,79.0193,1,1,0,0.0,0,0.0
2020/03/03,Delhi,28.7041,77.1025,1,1,0,0.0,0,0.0
2020/03/03,Kerala,10.8505,76.2711,3,0,0,0.0,3,1.0
2020/03/03,Rajasthan,27.0238,74.2179,0,0,0,,0,
2020/03/03,Telengana,18.1124,79.0193,1,1,0,0.0,0,0.0
2020/03/04,Delhi,28.7041,77.1025,1,1,0,0.0,0,0.0
2020/03/04,Haryana,29.0588,76.0856,14,14,0,0.0,0,0.0
2020/03/04,Kerala,10.8505,76.2711,3,0,0,0.0,3,1.0
2020/03/04,Rajasthan,27.0238,74.2179,1,1,0,0.0,0,0.0
2020/03/04,Telengana,18.1124,79.0193,1,1,0,0.0,0,0.0
2020/03/04,Uttar Pradesh,26.8467,80.9462,6,6,0,0.0,0,0.0
2020/03/05,Delhi,28.7041,77.1025,2,2,0,0.0,0,0.0
2020/03/05,Haryana,29.0588,76.0856,14,14,0,0.0,0,0.0
2020/03/05,Kerala,10.8505,76.2711,3,0,0,0.0,3,1.0
2020/03/05,Rajasthan,27.0238,74.2179,1,1,0,0.0,0,0.0
2020/03/05,Telengana,18.1124,79.0193,1,1,0,0.0,0,0.0
2020/03/05,Uttar Pradesh,26.8467,80.9462,7,7,0,0.0,0,0.0
2020/03/06,Delhi,28.7041,77.1025,3,3,0,0.0,0,0.0
2020/03/06,Haryana,29.0588,76.0856,14,14,0,0.0,0,0.0
2020/03/06,Kerala,10.8505,76.2711,3,0,0,0.0,3,1.0
2020/03/06,Rajasthan,27.0238,74.2179,1,1,0,0.0,0,0.0
2020/03/06,Telengana,18.1124,79.0193,1,1,0,0.0,0,0.0
2020/03/06,Uttar Pradesh,26.8467,80.9462,7,7,0,0.0,0,0.0
2020/03/07,Delhi,28.7041,77.1025,3,3,0,0.0,0,0.0
2020/03/07,Haryana,29.0588,76.0856,14,14,0,0.0,0,0.0
2020/03/07,Kerala,10.8505,76.2711,3,0,0,0.0,3,1.0
2020/03/07,Rajasthan,27.0238,74.2179,1,1,0,0.0,0,0.0
2020/03/07,Tamil Nadu,11.1271,78.6569,1,1,0,0.0,0,0.0
2020/03/07,Telengana,18.1124,79.0193,1,1,0,0.0,0,0.0
2020/03/07,Ladakh,34.2996,78.2932,2,2,0,0.0,0,0.0
2020/03/07,Uttar Pradesh,26.8467,80.9462,7,7,0,0.0,0,0.0
2020/03/08,Delhi,28.7041,77.1025,3,3,0,0.0,0,0.0
2020/03/08,Haryana,29.0588,76.0856,14,14,0,0.0,0,0.0
2020/03/08,Kerala,10.8505,76.2711,8,5,0,0.0,3,0.375
2020/03/08,Rajasthan,27.0238,74.2179,1,1,0,0.0,0,0.0
2020/03/08,Tamil Nadu,11.1271,78.6569,1,1,0,0.0,0,0.0
2020/03/08,Telengana,18.1124,79.0193,1,1,0,0.0,0,0.0
2020/03/08,Ladakh,34.2996,78.2932,2,2,0,0.0,0,0.0
2020/03/08,Uttar Pradesh,26.8467,80.9462,7,7,0,0.0,0,0.0
2020/03/09,Delhi,28.7041,77.1025,4,4,0,0.0,0,0.0
2020/03/09,Haryana,29.0588,76.0856,14,14,0,0.0,0,0.0
2020/03/09,Karnataka,15.3173,75.7139,1,1,0,0.0,0,0.0
2020/03/09,Kerala,10.8505,76.2711,9,6,0,0.0,3,0.3333333333333333
2020/03/09,Maharashtra,19.7515,75.7139,2,2,0,0.0,0,0.0
2020/03/09,Punjab,31.1471,75.3412,1,1,0,0.0,0,0.0
2020/03/09,Rajasthan,27.0238,74.2179,1,1,0,0.0,0,0.0
2020/03/09,Tamil Nadu,11.1271,78.6569,1,1,0,0.0,0,0.0
2020/03/09,Telengana,18.1124,79.0193,1,1,0,0.0,0,0.0
2020/03/09,Jammu and Kashmir,33.7782,76.5762,1,1,0,0.0,0,0.0
2020/03/09,Ladakh,34.2996,78.2932,2,2,0,0.0,0,0.0
2020/03/09,Uttar Pradesh,26.8467,80.9462,7,7,0,0.0,0,0.0
2020/03/10,Delhi,28.7041,77.1025,4,4,0,0.0,0,0.0
2020/03/10,Haryana,29.0588,76.0856,14,14,0,0.0,0,0.0
2020/03/10,Karnataka,15.3173,75.7139,4,4,0,0.0,0,0.0
2020/03/10,Kerala,10.8505,76.2711,15,12,0,0.0,3,0.2
2020/03/10,Maharashtra,19.7515,75.7139,5,5,0,0.0,0,0.0
2020/03/10,Punjab,31.1471,75.3412,1,1,0,0.0,0,0.0
2020/03/10,Rajasthan,27.0238,74.2179,1,1,0,0.0,0,0.0
2020/03/10,Tamil Nadu,11.1271,78.6569,1,1,0,0.0,0,0.0
2020/03/10,Telengana,18.1124,79.0193,1,1,0,0.0,0,0.0
2020/03/10,Jammu and Kashmir,33.7782,76.5762,1,1,0,0.0,0,0.0
2020/03/10,Ladakh,34.2996,78.2932,2,2,0,0.0,0,0.0
2020/03/10,Uttar Pradesh,26.8467,80.9462,7,7,0,0.0,0,0.0
2020/03/11,Delhi,28.7041,77.1025,5,5,0,0.0,0,0.0
2020/03/11,Haryana,29.0588,76.0856,14,14,0,0.0,0,0.0
2020/03/11,Karnataka,15.3173,75.7139,4,4,0,0.0,0,0.0
2020/03/11,Kerala,10.8505,76.2711,17,14,0,0.0,3,0.1764705882352941
2020/03/11,Maharashtra,19.7515,75.7139,10,10,0,0.0,0,0.0
2020/03/11,Punjab,31.1471,75.3412,1,1,0,0.0,0,0.0
2020/03/11,Rajasthan,27.0238,74.2179,3,3,0,0.0,0,0.0
2020/03/11,Tamil Nadu,11.1271,78.6569,1,1,0,0.0,0,0.0
2020/03/11,Telengana,18.1124,79.0193,1,1,0,0.0,0,0.0
2020/03/11,Jammu and Kashmir,33.7782,76.5762,1,1,0,0.0,0,0.0
2020/03/11,Ladakh,34.2996,78.2932,2,2,0,0.0,0,0.0
2020/03/11,Uttar Pradesh,26.8467,80.9462,9,9,0,0.0,0,0.0
2020/03/12,Andhra Pradesh,15.9129,79.74,1,1,0,0.0,0,0.0
2020/03/12,Delhi,28.7041,77.1025,6,6,0,0.0,0,0.0
2020/03/12,Haryana,29.0588,76.0856,14,14,0,0.0,0,0.0
2020/03/12,Karnataka,15.3173,75.7139,4,3,1,0.25,0,0.0
2020/03/12,Kerala,10.8505,76.2711,17,14,0,0.0,3,0.1764705882352941
2020/03/12,Maharashtra,19.7515,75.7139,11,11,0,0.0,0,0.0
2020/03/12,Punjab,31.1471,75.3412,1,1,0,0.0,0,0.0
2020/03/12,Rajasthan,27.0238,74.2179,3,3,0,0.0,0,0.0
2020/03/12,Tamil Nadu,11.1271,78.6569,1,1,0,0.0,0,0.0
2020/03/12,Telengana,18.1124,79.0193,1,1,0,0.0,0,0.0
2020/03/12,Jammu and Kashmir,33.7782,76.5762,1,1,0,0.0,0,0.0
2020/03/12,Ladakh,34.2996,78.2932,3,3,0,0.0,0,0.0
2020/03/12,Uttar Pradesh,26.8467,80.9462,11,11,0,0.0,0,0.0
2020/03/13,Andhra Pradesh,15.9129,79.74,1,1,0,0.0,0,0.0
2020/03/13,Delhi,28.7041,77.1025,6,6,0,0.0,0,0.0
2020/03/13,Haryana,29.0588,76.0856,14,14,0,0.0,0,0.0
2020/03/13,Karnataka,15.3173,75.7139,5,4,1,0.2,0,0.0
2020/03/13,Kerala,10.8505,76.2711,17,14,0,0.0,3,0.1764705882352941
2020/03/13,Maharashtra,19.7515,75.7139,11,11,0,0.0,0,0.0
2020/03/13,Punjab,31.1471,75.3412,1,1,0,0.0,0,0.0
2020/03/13,Rajasthan,27.0238,74.2179,3,3,0,0.0,0,0.0
2020/03/13,Tamil Nadu,11.1271,78.6569,1,1,0,0.0,0,0.0
2020/03/13,Telengana,18.1124,79.0193,1,1,0,0.0,0,0.0
2020/03/13,Jammu and Kashmir,33.7782,76.5762,1,1,0,0.0,0,0.0
2020/03/13,Ladakh,34.2996,78.2932,3,3,0,0.0,0,0.0
2020/03/13,Uttar Pradesh,26.8467,80.9462,11,11,0,0.0,0,0.0
2020/03/14,Andhra Pradesh,15.9129,79.74,1,1,0,0.0,0,0.0
2020/03/14,Delhi,28.7041,77.1025,7,5,1,0.1428571428571428,1,0.1428571428571428
2020/03/14,Haryana,29.0588,76.0856,14,14,0,0.0,0,0.0
2020/03/14,Karnataka,15.3173,75.7139,6,5,1,0.1666666666666666,0,0.0
2020/03/14,Kerala,10.8505,76.2711,19,16,0,0.0,3,0.1578947368421052
2020/03/14,Maharashtra,19.7515,75.7139,14,14,0,0.0,0,0.0
2020/03/14,Punjab,31.1471,75.3412,1,1,0,0.0,0,0.0
2020/03/14,Rajasthan,27.0238,74.2179,3,2,0,0.0,1,0.3333333333333333
2020/03/14,Tamil Nadu,11.1271,78.6569,1,1,0,0.0,0,0.0
2020/03/14,Telengana,18.1124,79.0193,1,1,0,0.0,0,0.0
2020/03/14,Jammu and Kashmir,33.7782,76.5762,2,2,0,0.0,0,0.0
2020/03/14,Ladakh,34.2996,78.2932,3,3,0,0.0,0,0.0
2020/03/14,Uttar Pradesh,26.8467,80.9462,12,7,0,0.0,5,0.4166666666666667
2020/03/15,Andhra Pradesh,15.9129,79.74,1,1,0,0.0,0,0.0
2020/03/15,Delhi,28.7041,77.1025,7,4,1,0.1428571428571428,2,0.2857142857142857
2020/03/15,Haryana,29.0588,76.0856,14,14,0,0.0,0,0.0
2020/03/15,Karnataka,15.3173,75.7139,6,5,1,0.1666666666666666,0,0.0
2020/03/15,Kerala,10.8505,76.2711,23,20,0,0.0,3,0.1304347826086956
2020/03/15,Maharashtra,19.7515,75.7139,32,32,0,0.0,0,0.0
2020/03/15,Punjab,31.1471,75.3412,1,1,0,0.0,0,0.0
2020/03/15,Rajasthan,27.0238,74.2179,4,1,0,0.0,3,0.75
2020/03/15,Tamil Nadu,11.1271,78.6569,1,1,0,0.0,0,0.0
2020/03/15,Telengana,18.1124,79.0193,3,2,0,0.0,1,0.3333333333333333
2020/03/15,Jammu and Kashmir,33.7782,76.5762,2,2,0,0.0,0,0.0
2020/03/15,Ladakh,34.2996,78.2932,3,3,0,0.0,0,0.0
2020/03/15,Uttar Pradesh,26.8467,80.9462,13,9,0,0.0,4,0.3076923076923077
2020/03/15,Uttarakhand,30.0668,79.0193,1,1,0,0.0,0,0.0
2020/03/16,Andhra Pradesh,15.9129,79.74,1,1,0,0.0,0,0.0
2020/03/16,Delhi,28.7041,77.1025,7,4,1,0.1428571428571428,2,0.2857142857142857
2020/03/16,Haryana,29.0588,76.0856,14,14,0,0.0,0,0.0
2020/03/16,Karnataka,15.3173,75.7139,6,5,1,0.1666666666666666,0,0.0
2020/03/16,Kerala,10.8505,76.2711,23,20,0,0.0,3,0.1304347826086956
2020/03/16,Maharashtra,19.7515,75.7139,32,32,0,0.0,0,0.0
2020/03/16,Odisha,20.9517,85.0985,1,1,0,0.0,0,0.0
2020/03/16,Punjab,31.1471,75.3412,1,1,0,0.0,0,0.0
2020/03/16,Rajasthan,27.0238,74.2179,4,1,0,0.0,3,0.75
2020/03/16,Tamil Nadu,11.1271,78.6569,1,1,0,0.0,0,0.0
2020/03/16,Telengana,18.1124,79.0193,3,2,0,0.0,1,0.3333333333333333
2020/03/16,Jammu and Kashmir,33.7782,76.5762,3,3,0,0.0,0,0.0
2020/03/16,Ladakh,34.2996,78.2932,4,4,0,0.0,0,0.0
2020/03/16,Uttar Pradesh,26.8467,80.9462,13,9,0,0.0,4,0.3076923076923077
2020/03/16,Uttarakhand,30.0668,79.0193,1,1,0,0.0,0,0.0
2020/03/17,Andhra Pradesh,15.9129,79.74,1,1,0,0.0,0,0.0
2020/03/17,Delhi,28.7041,77.1025,8,5,1,0.125,2,0.25
2020/03/17,Haryana,29.0588,76.0856,15,15,0,0.0,0,0.0
2020/03/17,Karnataka,15.3173,75.7139,11,10,1,0.0909090909090909,0,0.0
2020/03/17,Kerala,10.8505,76.2711,26,23,0,0.0,3,0.1153846153846153
2020/03/17,Maharashtra,19.7515,75.7139,39,38,1,0.0256410256410256,0,0.0
2020/03/17,Odisha,20.9517,85.0985,1,1,0,0.0,0,0.0
2020/03/17,Punjab,31.1471,75.3412,1,1,0,0.0,0,0.0
2020/03/17,Rajasthan,27.0238,74.2179,4,1,0,0.0,3,0.75
2020/03/17,Tamil Nadu,11.1271,78.6569,1,1,0,0.0,0,0.0
2020/03/17,Telengana,18.1124,79.0193,5,4,0,0.0,1,0.2
2020/03/17,Jammu and Kashmir,33.7782,76.5762,3,3,0,0.0,0,0.0
2020/03/17,Ladakh,34.2996,78.2932,6,6,0,0.0,0,0.0
2020/03/17,Uttar Pradesh,26.8467,80.9462,15,10,0,0.0,5,0.3333333333333333
2020/03/17,Uttarakhand,30.0668,79.0193,1,1,0,0.0,0,0.0
2020/03/18,Andhra Pradesh,15.9129,79.74,1,1,0,0.0,0,0.0
2020/03/18,Delhi,28.7041,77.1025,10,7,1,0.1,2,0.2
2020/03/18,Haryana,29.0588,76.0856,17,17,0,0.0,0,0.0
2020/03/18,Karnataka,15.3173,75.7139,11,10,1,0.0909090909090909,0,0.0
2020/03/18,Kerala,10.8505,76.2711,27,24,0,0.0,3,0.1111111111111111
2020/03/18,Maharashtra,19.7515,75.7139,42,41,1,0.0238095238095238,0,0.0
2020/03/18,Odisha,20.9517,85.0985,1,1,0,0.0,0,0.0
2020/03/18,Puducherry,11.9416,79.8083,1,1,0,0.0,0,0.0
2020/03/18,Punjab,31.1471,75.3412,1,1,0,0.0,0,0.0
2020/03/18,Rajasthan,27.0238,74.2179,4,1,0,0.0,3,0.75
2020/03/18,Tamil Nadu,11.1271,78.6569,1,1,0,0.0,0,0.0
2020/03/18,Telengana,18.1124,79.0193,6,5,0,0.0,1,0.1666666666666666
2020/03/18,Jammu and Kashmir,33.7782,76.5762,3,3,0,0.0,0,0.0
2020/03/18,Ladakh,34.2996,78.2932,8,8,0,0.0,0,0.0
2020/03/18,Uttar Pradesh,26.8467,80.9462,16,11,0,0.0,5,0.3125
2020/03/18,Uttarakhand,30.0668,79.0193,1,1,0,0.0,0,0.0
2020/03/18,West Bengal,22.9868,87.855,1,1,0,0.0,0,0.0
2020/03/19,Andhra Pradesh,15.9129,79.74,2,2,0,0.0,0,0.0
2020/03/19,Chhattisgarh,21.2787,81.8661,1,1,0,0.0,0,0.0
2020/03/19,Delhi,28.7041,77.1025,12,8,1,0.0833333333333333,3,0.25
2020/03/19,Haryana,29.0588,76.0856,17,17,0,0.0,0,0.0
2020/03/19,Karnataka,15.3173,75.7139,14,13,1,0.0714285714285714,0,0.0
2020/03/19,Kerala,10.8505,76.2711,27,24,0,0.0,3,0.1111111111111111
2020/03/19,Maharashtra,19.7515,75.7139,47,46,1,0.0212765957446808,0,0.0
2020/03/19,Odisha,20.9517,85.0985,1,1,0,0.0,0,0.0
2020/03/19,Puducherry,11.9416,79.8083,1,1,0,0.0,0,0.0
2020/03/19,Punjab,31.1471,75.3412,2,1,1,0.5,0,0.0
2020/03/19,Rajasthan,27.0238,74.2179,7,4,0,0.0,3,0.4285714285714285
2020/03/19,Tamil Nadu,11.1271,78.6569,2,1,0,0.0,1,0.5
2020/03/19,Telengana,18.1124,79.0193,6,5,0,0.0,1,0.1666666666666666
2020/03/19,Chandigarh,30.7333,76.7794,1,1,0,0.0,0,0.0
2020/03/19,Jammu and Kashmir,33.7782,76.5762,4,4,0,0.0,0,0.0
2020/03/19,Ladakh,34.2996,78.2932,8,8,0,0.0,0,0.0
2020/03/19,Uttar Pradesh,26.8467,80.9462,19,10,0,0.0,9,0.4736842105263157
2020/03/19,Uttarakhand,30.0668,79.0193,1,1,0,0.0,0,0.0
2020/03/19,West Bengal,22.9868,87.855,1,1,0,0.0,0,0.0
2020/03/20,Andhra Pradesh,15.9129,79.74,2,2,0,0.0,0,0.0
2020/03/20,Chhattisgarh,21.2787,81.8661,1,1,0,0.0,0,0.0
2020/03/20,Delhi,28.7041,77.1025,17,13,1,0.0588235294117647,3,0.1764705882352941
2020/03/20,Gujarat,22.2587,71.1924,2,2,0,0.0,0,0.0
2020/03/20,Haryana,29.0588,76.0856,17,17,0,0.0,0,0.0
2020/03/20,Karnataka,15.3173,75.7139,15,14,1,0.0666666666666666,0,0.0
2020/03/20,Kerala,10.8505,76.2711,28,25,0,0.0,3,0.1071428571428571
2020/03/20,Maharashtra,19.7515,75.7139,47,46,1,0.0212765957446808,0,0.0
2020/03/20,Odisha,20.9517,85.0985,1,1,0,0.0,0,0.0
2020/03/20,Puducherry,11.9416,79.8083,1,1,0,0.0,0,0.0
2020/03/20,Punjab,31.1471,75.3412,2,1,1,0.5,0,0.0
2020/03/20,Rajasthan,27.0238,74.2179,7,4,0,0.0,3,0.4285714285714285
2020/03/20,Tamil Nadu,11.1271,78.6569,3,2,0,0.0,1,0.3333333333333333
2020/03/20,Telengana,18.1124,79.0193,16,15,0,0.0,1,0.0625
2020/03/20,Chandigarh,30.7333,76.7794,1,1,0,0.0,0,0.0
2020/03/20,Jammu and Kashmir,33.7782,76.5762,4,4,0,0.0,0,0.0
2020/03/20,Ladakh,34.2996,78.2932,10,10,0,0.0,0,0.0
2020/03/20,Uttar Pradesh,26.8467,80.9462,19,10,0,0.0,9,0.4736842105263157
2020/03/20,Uttarakhand,30.0668,79.0193,1,1,0,0.0,0,0.0
2020/03/20,West Bengal,22.9868,87.855,1,1,0,0.0,0,0.0
2020/03/21,Andhra Pradesh,15.9129,79.74,3,3,0,0.0,0,0.0
2020/03/21,Chandigarh,30.7333,76.7794,1,1,0,0.0,0,0.0
2020/03/21,Chhattisgarh,21.2787,81.8661,1,1,0,0.0,0,0.0
2020/03/21,Delhi,28.7041,77.1025,26,20,1,0.0384615384615384,5,0.1923076923076923
2020/03/21,Gujarat,22.2587,71.1924,7,7,0,0.0,0,0.0
2020/03/21,Haryana,29.0588,76.0856,17,17,0,0.0,0,0.0
2020/03/21,Himachal Pradesh,31.1048,77.1734,2,2,0,0.0,0,0.0
2020/03/21,Jammu and Kashmir,33.7782,76.5762,4,4,0,0.0,0,0.0
2020/03/21,Karnataka,15.3173,75.7139,15,13,1,0.0666666666666666,1,0.0666666666666666
2020/03/21,Kerala,10.8505,76.2711,40,37,0,0.0,3,0.075
2020/03/21,Ladakh,34.2996,78.2932,13,13,0,0.0,0,0.0
2020/03/21,Madhya Pradesh,22.9734,78.6569,4,4,0,0.0,0,0.0
2020/03/21,Maharashtra,19.7515,75.7139,63,62,1,0.0158730158730158,0,0.0
2020/03/21,Odisha,20.9517,85.0985,2,2,0,0.0,0,0.0
2020/03/21,Puducherry,11.9416,79.8083,1,1,0,0.0,0,0.0
2020/03/21,Punjab,31.1471,75.3412,13,12,1,0.0769230769230769,0,0.0
2020/03/21,Rajasthan,27.0238,74.2179,17,14,0,0.0,3,0.1764705882352941
2020/03/21,Tamil Nadu,11.1271,78.6569,3,2,0,0.0,1,0.3333333333333333
2020/03/21,Telengana,18.1124,79.0193,21,20,0,0.0,1,0.0476190476190476
2020/03/21,Uttar Pradesh,26.8467,80.9462,24,15,0,0.0,9,0.375
2020/03/21,Uttarakhand,30.0668,79.0193,3,3,0,0.0,0,0.0
2020/03/21,West Bengal,22.9868,87.855,3,3,0,0.0,0,0.0
2020/03/22,Andhra Pradesh,15.9129,79.74,5,5,0,0.0,0,0.0
2020/03/22,Bihar,25.0961,85.3131,2,1,1,0.5,0,0.0
2020/03/22,Chandigarh,30.7333,76.7794,5,5,0,0.0,0,0.0
2020/03/22,Chhattisgarh,21.2787,81.8661,1,1,0,0.0,0,0.0
2020/03/22,Delhi,28.7041,77.1025,29,23,1,0.0344827586206896,5,0.1724137931034483
2020/03/22,Gujarat,22.2587,71.1924,18,17,1,0.0555555555555555,0,0.0
2020/03/22,Haryana,29.0588,76.0856,21,21,0,0.0,0,0.0
2020/03/22,Himachal Pradesh,31.1048,77.1734,2,2,0,0.0,0,0.0
2020/03/22,Jammu and Kashmir,33.7782,76.5762,4,4,0,0.0,0,0.0
2020/03/22,Karnataka,15.3173,75.7139,26,23,1,0.0384615384615384,2,0.0769230769230769
2020/03/22,Kerala,10.8505,76.2711,52,49,0,0.0,3,0.0576923076923076
2020/03/22,Ladakh,34.2996,78.2932,13,13,0,0.0,0,0.0
2020/03/22,Madhya Pradesh,22.9734,78.6569,4,4,0,0.0,0,0.0
2020/03/22,Maharashtra,19.7515,75.7139,67,65,2,0.0298507462686567,0,0.0
2020/03/22,Odisha,20.9517,85.0985,2,2,0,0.0,0,0.0
2020/03/22,Puducherry,11.9416,79.8083,1,1,0,0.0,0,0.0
2020/03/22,Punjab,31.1471,75.3412,21,20,1,0.0476190476190476,0,0.0
2020/03/22,Rajasthan,27.0238,74.2179,24,21,0,0.0,3,0.125
2020/03/22,Tamil Nadu,11.1271,78.6569,7,6,0,0.0,1,0.1428571428571428
2020/03/22,Telengana,18.1124,79.0193,22,21,0,0.0,1,0.0454545454545454
2020/03/22,Uttar Pradesh,26.8467,80.9462,27,18,0,0.0,9,0.3333333333333333
2020/03/22,Uttarakhand,30.0668,79.0193,3,3,0,0.0,0,0.0
2020/03/22,West Bengal,22.9868,87.855,4,4,0,0.0,0,0.0
2020/03/23,Andhra Pradesh,15.9129,79.74,7,7,0,0.0,0,0.0
2020/03/23,Bihar,25.0961,85.3131,2,1,1,0.5,0,0.0
2020/03/23,Chandigarh,30.7333,76.7794,6,6,0,0.0,0,0.0
2020/03/23,Chhattisgarh,21.2787,81.8661,1,1,0,0.0,0,0.0
2020/03/23,Delhi,28.7041,77.1025,29,23,1,0.0344827586206896,5,0.1724137931034483
2020/03/23,Gujarat,22.2587,71.1924,29,28,1,0.0344827586206896,0,0.0
2020/03/23,Haryana,29.0588,76.0856,26,15,0,0.0,11,0.4230769230769231
2020/03/23,Himachal Pradesh,31.1048,77.1734,2,2,0,0.0,0,0.0
2020/03/23,Jammu and Kashmir,33.7782,76.5762,4,4,0,0.0,0,0.0
2020/03/23,Karnataka,15.3173,75.7139,33,30,1,0.0303030303030303,2,0.0606060606060606
2020/03/23,Kerala,10.8505,76.2711,67,64,0,0.0,3,0.044776119402985
2020/03/23,Ladakh,34.2996,78.2932,13,13,0,0.0,0,0.0
2020/03/23,Madhya Pradesh,22.9734,78.6569,6,6,0,0.0,0,0.0
2020/03/23,Maharashtra,19.7515,75.7139,74,72,2,0.027027027027027,0,0.0
2020/03/23,Odisha,20.9517,85.0985,2,2,0,0.0,0,0.0
2020/03/23,Puducherry,11.9416,79.8083,1,1,0,0.0,0,0.0
2020/03/23,Punjab,31.1471,75.3412,21,20,1,0.0476190476190476,0,0.0
2020/03/23,Rajasthan,27.0238,74.2179,28,25,0,0.0,3,0.1071428571428571
2020/03/23,Tamil Nadu,11.1271,78.6569,9,8,0,0.0,1,0.1111111111111111
2020/03/23,Telengana,18.1124,79.0193,32,31,0,0.0,1,0.03125
2020/03/23,Uttar Pradesh,26.8467,80.9462,31,22,0,0.0,9,0.2903225806451613
2020/03/23,Uttarakhand,30.0668,79.0193,3,3,0,0.0,0,0.0
2020/03/23,West Bengal,22.9868,87.855,7,6,1,0.1428571428571428,0,0.0
2020/03/24,Andhra Pradesh,15.9129,79.74,8,8,0,0.0,0,0.0
2020/03/24,Bihar,25.0961,85.3131,3,2,1,0.3333333333333333,0,0.0
2020/03/24,Chandigarh,30.7333,76.7794,7,7,0,0.0,0,0.0
2020/03/24,Chhattisgarh,21.2787,81.8661,1,1,0,0.0,0,0.0
2020/03/24,Delhi,28.7041,77.1025,30,22,2,0.0666666666666666,6,0.2
2020/03/24,Gujarat,22.2587,71.1924,33,32,1,0.0303030303030303,0,0.0
2020/03/24,Haryana,29.0588,76.0856,28,17,0,0.0,11,0.3928571428571428
2020/03/24,Himachal Pradesh,31.1048,77.1734,3,2,1,0.3333333333333333,0,0.0
2020/03/24,Jammu and Kashmir,33.7782,76.5762,4,4,0,0.0,0,0.0
2020/03/24,Karnataka,15.3173,75.7139,37,33,1,0.027027027027027,3,0.081081081081081
2020/03/24,Kerala,10.8505,76.2711,95,91,0,0.0,4,0.0421052631578947
2020/03/24,Ladakh,34.2996,78.2932,13,13,0,0.0,0,0.0
2020/03/24,Madhya Pradesh,22.9734,78.6569,7,7,0,0.0,0,0.0
2020/03/24,Maharashtra,19.7515,75.7139,89,87,2,0.0224719101123595,0,0.0
2020/03/24,Manipur,24.6637,93.9063,1,1,0,0.0,0,0.0
2020/03/24,Odisha,20.9517,85.0985,2,2,0,0.0,0,0.0
2020/03/24,Puducherry,11.9416,79.8083,1,1,0,0.0,0,0.0
2020/03/24,Punjab,31.1471,75.3412,29,28,1,0.0344827586206896,0,0.0
2020/03/24,Rajasthan,27.0238,74.2179,32,29,0,0.0,3,0.09375
2020/03/24,Tamil Nadu,11.1271,78.6569,15,14,0,0.0,1,0.0666666666666666
2020/03/24,Telengana,18.1124,79.0193,35,34,0,0.0,1,0.0285714285714285
2020/03/24,Uttar Pradesh,26.8467,80.9462,33,22,0,0.0,11,0.3333333333333333
2020/03/24,Uttarakhand,30.0668,79.0193,4,4,0,0.0,0,0.0
2020/03/24,West Bengal,22.9868,87.855,9,8,1,0.1111111111111111,0,0.0
2020/03/25,Andhra Pradesh,15.9129,79.74,9,8,0,0.0,1,0.1111111111111111
2020/03/25,Bihar,25.0961,85.3131,4,3,1,0.25,0,0.0
2020/03/25,Chandigarh,30.7333,76.7794,7,7,0,0.0,0,0.0
2020/03/25,Chhattisgarh,21.2787,81.8661,1,1,0,0.0,0,0.0
2020/03/25,Delhi,28.7041,77.1025,31,24,1,0.032258064516129,6,0.1935483870967742
2020/03/25,Gujarat,22.2587,71.1924,38,37,1,0.0263157894736842,0,0.0
2020/03/25,Haryana,29.0588,76.0856,28,17,0,0.0,11,0.3928571428571428
2020/03/25,Himachal Pradesh,31.1048,77.1734,3,2,1,0.3333333333333333,0,0.0
2020/03/25,Jammu and Kashmir,33.7782,76.5762,7,6,0,0.0,1,0.1428571428571428
2020/03/25,Karnataka,15.3173,75.7139,41,37,1,0.024390243902439,3,0.073170731707317
2020/03/25,Kerala,10.8505,76.2711,109,105,0,0.0,4,0.036697247706422
2020/03/25,Ladakh,34.2996,78.2932,13,13,0,0.0,0,0.0
2020/03/25,Madhya Pradesh,22.9734,78.6569,14,14,0,0.0,0,0.0
2020/03/25,Maharashtra,19.7515,75.7139,128,124,3,0.0234375,1,0.0078125
2020/03/25,Manipur,24.6637,93.9063,1,1,0,0.0,0,0.0
2020/03/25,Mizoram,23.1645,92.9376,1,1,0,0.0,0,0.0
2020/03/25,Odisha,20.9517,85.0985,2,2,0,0.0,0,0.0
2020/03/25,Puducherry,11.9416,79.8083,1,1,0,0.0,0,0.0
2020/03/25,Punjab,31.1471,75.3412,29,28,1,0.0344827586206896,0,0.0
2020/03/25,Rajasthan,27.0238,74.2179,36,33,0,0.0,3,0.0833333333333333
2020/03/25,Tamil Nadu,11.1271,78.6569,18,17,0,0.0,1,0.0555555555555555
2020/03/25,Telengana,18.1124,79.0193,35,34,0,0.0,1,0.0285714285714285
2020/03/25,Uttar Pradesh,26.8467,80.9462,37,26,0,0.0,11,0.2972972972972973
2020/03/25,Uttarakhand,30.0668,79.0193,4,4,0,0.0,0,0.0
2020/03/25,West Bengal,22.9868,87.855,9,8,1,0.1111111111111111,0,0.0
2020/03/26,Andaman and Nicobar Islands,11.7401,92.6586,1,1,0,0.0,0,0.0
2020/03/26,Andhra Pradesh,15.9129,79.74,11,10,0,0.0,1,0.0909090909090909
2020/03/26,Bihar,25.0961,85.3131,6,5,1,0.1666666666666666,0,0.0
2020/03/26,Chandigarh,30.7333,76.7794,7,7,0,0.0,0,0.0
2020/03/26,Chhattisgarh,21.2787,81.8661,6,6,0,0.0,0,0.0
2020/03/26,Delhi,28.7041,77.1025,36,29,1,0.0277777777777777,6,0.1666666666666666
2020/03/26,Goa,15.2993,74.124,3,3,0,0.0,0,0.0
2020/03/26,Gujarat,22.2587,71.1924,43,40,3,0.0697674418604651,0,0.0
2020/03/26,Haryana,29.0588,76.0856,30,19,0,0.0,11,0.3666666666666666
2020/03/26,Himachal Pradesh,31.1048,77.1734,3,2,1,0.3333333333333333,0,0.0
2020/03/26,Jammu and Kashmir,33.7782,76.5762,13,11,1,0.0769230769230769,1,0.0769230769230769
2020/03/26,Karnataka,15.3173,75.7139,55,50,2,0.0363636363636363,3,0.0545454545454545
2020/03/26,Kerala,10.8505,76.2711,118,112,0,0.0,6,0.0508474576271186
2020/03/26,Ladakh,34.2996,78.2932,13,13,0,0.0,0,0.0
2020/03/26,Madhya Pradesh,22.9734,78.6569,20,19,1,0.05,0,0.0
2020/03/26,Maharashtra,19.7515,75.7139,124,120,3,0.0241935483870967,1,0.0080645161290322
2020/03/26,Manipur,24.6637,93.9063,1,1,0,0.0,0,0.0
2020/03/26,Mizoram,23.1645,92.9376,1,1,0,0.0,0,0.0
2020/03/26,Odisha,20.9517,85.0985,2,2,0,0.0,0,0.0
2020/03/26,Puducherry,11.9416,79.8083,1,1,0,0.0,0,0.0
2020/03/26,Punjab,31.1471,75.3412,33,32,1,0.0303030303030303,0,0.0
2020/03/26,Rajasthan,27.0238,74.2179,41,38,0,0.0,3,0.073170731707317
2020/03/26,Tamil Nadu,11.1271,78.6569,26,24,1,0.0384615384615384,1,0.0384615384615384
2020/03/26,Telengana,18.1124,79.0193,44,43,0,0.0,1,0.0227272727272727
2020/03/26,Uttar Pradesh,26.8467,80.9462,41,30,0,0.0,11,0.2682926829268293
2020/03/26,Uttarakhand,30.0668,79.0193,5,5,0,0.0,0,0.0
2020/03/26,West Bengal,22.9868,87.855,10,9,1,0.1,0,0.0
2020/03/27,Andaman and Nicobar Islands,11.7401,92.6586,1,1,0,0.0,0,0.0
2020/03/27,Andhra Pradesh,15.9129,79.74,12,11,0,0.0,1,0.0833333333333333
2020/03/27,Bihar,25.0961,85.3131,6,5,1,0.1666666666666666,0,0.0
2020/03/27,Chandigarh,30.7333,76.7794,7,7,0,0.0,0,0.0
2020/03/27,Chhattisgarh,21.2787,81.8661,6,6,0,0.0,0,0.0
2020/03/27,Delhi,28.7041,77.1025,36,29,1,0.0277777777777777,6,0.1666666666666666
2020/03/27,Goa,15.2993,74.124,3,3,0,0.0,0,0.0
2020/03/27,Gujarat,22.2587,71.1924,43,40,3,0.0697674418604651,0,0.0
2020/03/27,Haryana,29.0588,76.0856,30,19,0,0.0,11,0.3666666666666666
2020/03/27,Himachal Pradesh,31.1048,77.1734,3,2,1,0.3333333333333333,0,0.0
2020/03/27,Jammu and Kashmir,33.7782,76.5762,13,11,1,0.0769230769230769,1,0.0769230769230769
2020/03/27,Karnataka,15.3173,75.7139,55,50,2,0.0363636363636363,3,0.0545454545454545
2020/03/27,Kerala,10.8505,76.2711,137,126,0,0.0,11,0.0802919708029197
2020/03/27,Ladakh,34.2996,78.2932,13,10,0,0.0,3,0.2307692307692307
2020/03/27,Madhya Pradesh,22.9734,78.6569,20,19,1,0.05,0,0.0
2020/03/27,Maharashtra,19.7515,75.7139,130,111,4,0.0307692307692307,15,0.1153846153846153
2020/03/27,Manipur,24.6637,93.9063,1,1,0,0.0,0,0.0
2020/03/27,Mizoram,23.1645,92.9376,1,1,0,0.0,0,0.0
2020/03/27,Odisha,20.9517,85.0985,2,2,0,0.0,0,0.0
2020/03/27,Puducherry,11.9416,79.8083,1,1,0,0.0,0,0.0
2020/03/27,Punjab,31.1471,75.3412,33,32,1,0.0303030303030303,0,0.0
2020/03/27,Rajasthan,27.0238,74.2179,41,38,0,0.0,3,0.073170731707317
2020/03/27,Tamil Nadu,11.1271,78.6569,29,27,1,0.0344827586206896,1,0.0344827586206896
2020/03/27,Telengana,18.1124,79.0193,45,44,0,0.0,1,0.0222222222222222
2020/03/27,Uttar Pradesh,26.8467,80.9462,41,30,0,0.0,11,0.2682926829268293
2020/03/27,Uttarakhand,30.0668,79.0193,5,5,0,0.0,0,0.0
2020/03/27,West Bengal,22.9868,87.855,10,9,1,0.1,0,0.0
2020/03/28,Andaman and Nicobar Islands,11.7401,92.6586,6,6,0,0.0,0,0.0
2020/03/28,Andhra Pradesh,15.9129,79.74,14,13,0,0.0,1,0.0714285714285714
2020/03/28,Bihar,25.0961,85.3131,9,8,1,0.1111111111111111,0,0.0
2020/03/28,Chandigarh,30.7333,76.7794,8,8,0,0.0,0,0.0
2020/03/28,Chhattisgarh,21.2787,81.8661,6,6,0,0.0,0,0.0
2020/03/28,Delhi,28.7041,77.1025,39,32,1,0.0256410256410256,6,0.1538461538461538
2020/03/28,Goa,15.2993,74.124,3,3,0,0.0,0,0.0
2020/03/28,Gujarat,22.2587,71.1924,45,42,3,0.0666666666666666,0,0.0
2020/03/28,Haryana,29.0588,76.0856,33,21,0,0.0,12,0.3636363636363636
2020/03/28,Himachal Pradesh,31.1048,77.1734,3,2,1,0.3333333333333333,0,0.0
2020/03/28,Jammu and Kashmir,33.7782,76.5762,20,18,1,0.05,1,0.05
2020/03/28,Karnataka,15.3173,75.7139,55,50,2,0.0363636363636363,3,0.0545454545454545
2020/03/28,Kerala,10.8505,76.2711,176,165,0,0.0,11,0.0625
2020/03/28,Ladakh,34.2996,78.2932,13,10,0,0.0,3,0.2307692307692307
2020/03/28,Madhya Pradesh,22.9734,78.6569,30,28,2,0.0666666666666666,0,0.0
2020/03/28,Maharashtra,19.7515,75.7139,180,150,5,0.0277777777777777,25,0.1388888888888889
2020/03/28,Manipur,24.6637,93.9063,1,1,0,0.0,0,0.0
2020/03/28,Mizoram,23.1645,92.9376,1,1,0,0.0,0,0.0
2020/03/28,Odisha,20.9517,85.0985,3,3,0,0.0,0,0.0
2020/03/28,Puducherry,11.9416,79.8083,1,1,0,0.0,0,0.0
2020/03/28,Punjab,31.1471,75.3412,38,36,1,0.0263157894736842,1,0.0263157894736842
2020/03/28,Rajasthan,27.0238,74.2179,54,51,0,0.0,3,0.0555555555555555
2020/03/28,Tamil Nadu,11.1271,78.6569,40,37,1,0.025,2,0.05
2020/03/28,Telengana,18.1124,79.0193,56,55,0,0.0,1,0.0178571428571428
2020/03/28,Uttar Pradesh,26.8467,80.9462,55,44,0,0.0,11,0.2
2020/03/28,Uttarakhand,30.0668,79.0193,5,5,0,0.0,0,0.0
2020/03/28,West Bengal,22.9868,87.855,15,14,1,0.0666666666666666,0,0.0
2020/03/29,Andaman and Nicobar Islands,11.7401,92.6586,9,9,0,0.0,0,0.0
2020/03/29,Andhra Pradesh,15.9129,79.74,14,13,0,0.0,1,0.0714285714285714
2020/03/29,Bihar,25.0961,85.3131,9,8,1,0.1111111111111111,0,0.0
2020/03/29,Chandigarh,30.7333,76.7794,8,8,0,0.0,0,0.0
2020/03/29,Chhattisgarh,21.2787,81.8661,6,6,0,0.0,0,0.0
2020/03/29,Delhi,28.7041,77.1025,39,31,2,0.0512820512820512,6,0.1538461538461538
2020/03/29,Goa,15.2993,74.124,3,3,0,0.0,0,0.0
2020/03/29,Gujarat,22.2587,71.1924,53,49,4,0.0754716981132075,0,0.0
2020/03/29,Haryana,29.0588,76.0856,33,21,0,0.0,12,0.3636363636363636
2020/03/29,Himachal Pradesh,31.1048,77.1734,3,2,1,0.3333333333333333,0,0.0
2020/03/29,Jammu and Kashmir,33.7782,76.5762,31,29,1,0.032258064516129,1,0.032258064516129
2020/03/29,Karnataka,15.3173,75.7139,76,68,3,0.0394736842105263,5,0.0657894736842105
2020/03/29,Kerala,10.8505,76.2711,182,166,1,0.0054945054945054,15,0.0824175824175824
2020/03/29,Ladakh,34.2996,78.2932,13,10,0,0.0,3,0.2307692307692307
2020/03/29,Madhya Pradesh,22.9734,78.6569,30,28,2,0.0666666666666666,0,0.0
2020/03/29,Maharashtra,19.7515,75.7139,186,155,6,0.032258064516129,25,0.1344086021505376
2020/03/29,Manipur,24.6637,93.9063,1,1,0,0.0,0,0.0
2020/03/29,Mizoram,23.1645,92.9376,1,1,0,0.0,0,0.0
2020/03/29,Odisha,20.9517,85.0985,3,3,0,0.0,0,0.0
2020/03/29,Puducherry,11.9416,79.8083,1,1,0,0.0,0,0.0
2020/03/29,Punjab,31.1471,75.3412,38,36,1,0.0263157894736842,1,0.0263157894736842
2020/03/29,Rajasthan,27.0238,74.2179,54,51,0,0.0,3,0.0555555555555555
2020/03/29,Tamil Nadu,11.1271,78.6569,42,39,1,0.0238095238095238,2,0.0476190476190476
2020/03/29,Telengana,18.1124,79.0193,66,64,1,0.0151515151515151,1,0.0151515151515151
2020/03/29,Uttar Pradesh,26.8467,80.9462,55,44,0,0.0,11,0.2
2020/03/29,Uttarakhand,30.0668,79.0193,6,5,0,0.0,1,0.1666666666666666
2020/03/29,West Bengal,22.9868,87.855,18,17,1,0.0555555555555555,0,0.0
2020/03/30,Andaman and Nicobar Islands,11.7401,92.6586,9,9,0,0.0,0,0.0
2020/03/30,Andhra Pradesh,15.9129,79.74,19,18,0,0.0,1,0.0526315789473684
2020/03/30,Bihar,25.0961,85.3131,11,10,1,0.0909090909090909,0,0.0
2020/03/30,Chandigarh,30.7333,76.7794,8,8,0,0.0,0,0.0
2020/03/30,Chhattisgarh,21.2787,81.8661,7,7,0,0.0,0,0.0
2020/03/30,Delhi,28.7041,77.1025,53,45,2,0.0377358490566037,6,0.1132075471698113
2020/03/30,Goa,15.2993,74.124,5,5,0,0.0,0,0.0
2020/03/30,Gujarat,22.2587,71.1924,58,52,5,0.0862068965517241,1,0.0172413793103448
2020/03/30,Haryana,29.0588,76.0856,33,16,0,0.0,17,0.5151515151515151
2020/03/30,Himachal Pradesh,31.1048,77.1734,3,2,1,0.3333333333333333,0,0.0
2020/03/30,Jammu and Kashmir,33.7782,76.5762,31,28,2,0.064516129032258,1,0.032258064516129
2020/03/30,Karnataka,15.3173,75.7139,80,72,3,0.0375,5,0.0625
2020/03/30,Kerala,10.8505,76.2711,194,174,1,0.0051546391752577,19,0.0979381443298969
2020/03/30,Ladakh,34.2996,78.2932,13,10,0,0.0,3,0.2307692307692307
2020/03/30,Madhya Pradesh,22.9734,78.6569,33,31,2,0.0606060606060606,0,0.0
2020/03/30,Maharashtra,19.7515,75.7139,193,160,8,0.0414507772020725,25,0.1295336787564766
2020/03/30,Manipur,24.6637,93.9063,1,1,0,0.0,0,0.0
2020/03/30,Mizoram,23.1645,92.9376,1,1,0,0.0,0,0.0
2020/03/30,Odisha,20.9517,85.0985,3,3,0,0.0,0,0.0
2020/03/30,Puducherry,11.9416,79.8083,1,1,0,0.0,0,0.0
2020/03/30,Punjab,31.1471,75.3412,38,36,1,0.0263157894736842,1,0.0263157894736842
2020/03/30,Rajasthan,27.0238,74.2179,57,54,0,0.0,3,0.0526315789473684
2020/03/30,Tamil Nadu,11.1271,78.6569,50,45,1,0.02,4,0.08
2020/03/30,Telengana,18.1124,79.0193,69,67,1,0.0144927536231884,1,0.0144927536231884
2020/03/30,Uttar Pradesh,26.8467,80.9462,75,64,0,0.0,11,0.1466666666666666
2020/03/30,Uttarakhand,30.0668,79.0193,7,5,0,0.0,2,0.2857142857142857
2020/03/30,West Bengal,22.9868,87.855,19,18,1,0.0526315789473684,0,0.0
2020/03/31,Andaman and Nicobar Islands,11.7401,92.6586,10,10,0,0.0,0,0.0
2020/03/31,Andhra Pradesh,15.9129,79.74,40,39,0,0.0,1,0.025
2020/03/31,Bihar,25.0961,85.3131,15,14,1,0.0666666666666666,0,0.0
2020/03/31,Chandigarh,30.7333,76.7794,13,13,0,0.0,0,0.0
2020/03/31,Chhattisgarh,21.2787,81.8661,8,8,0,0.0,0,0.0
2020/03/31,Delhi,28.7041,77.1025,97,89,2,0.0206185567010309,6,0.0618556701030927
2020/03/31,Goa,15.2993,74.124,5,5,0,0.0,0,0.0
2020/03/31,Gujarat,22.2587,71.1924,73,64,6,0.0821917808219178,3,0.0410958904109589
2020/03/31,Haryana,29.0588,76.0856,40,19,0,0.0,21,0.525
2020/03/31,Himachal Pradesh,31.1048,77.1734,3,2,1,0.3333333333333333,0,0.0
2020/03/31,Jammu and Kashmir,33.7782,76.5762,54,50,2,0.037037037037037,2,0.037037037037037
2020/03/31,Karnataka,15.3173,75.7139,83,75,3,0.036144578313253,5,0.0602409638554216
2020/03/31,Kerala,10.8505,76.2711,234,214,1,0.0042735042735042,19,0.0811965811965812
2020/03/31,Ladakh,34.2996,78.2932,13,10,0,0.0,3,0.2307692307692307
2020/03/31,Madhya Pradesh,22.9734,78.6569,47,44,3,0.0638297872340425,0,0.0
2020/03/31,Maharashtra,19.7515,75.7139,216,168,9,0.0416666666666666,39,0.1805555555555555
2020/03/31,Manipur,24.6637,93.9063,1,1,0,0.0,0,0.0
2020/03/31,Mizoram,23.1645,92.9376,1,1,0,0.0,0,0.0
2020/03/31,Odisha,20.9517,85.0985,3,3,0,0.0,0,0.0
2020/03/31,Puducherry,11.9416,79.8083,1,1,0,0.0,0,0.0
2020/03/31,Punjab,31.1471,75.3412,41,37,3,0.073170731707317,1,0.024390243902439
2020/03/31,Rajasthan,27.0238,74.2179,74,71,0,0.0,3,0.0405405405405405
2020/03/31,Tamil Nadu,11.1271,78.6569,74,69,1,0.0135135135135135,4,0.054054054054054
2020/03/31,Telengana,18.1124,79.0193,79,77,1,0.0126582278481012,1,0.0126582278481012
2020/03/31,Uttar Pradesh,26.8467,80.9462,101,87,0,0.0,14,0.1386138613861386
2020/03/31,Uttarakhand,30.0668,79.0193,7,5,0,0.0,2,0.2857142857142857
2020/03/31,West Bengal,22.9868,87.855,26,24,2,0.0769230769230769,0,0.0
2020/04/01,Andaman and Nicobar Islands,11.7401,92.6586,10,9,0,0.0,1,0.1
2020/04/01,Andhra Pradesh,15.9129,79.74,83,83,0,0.0,0,0.0
2020/04/01,Assam,26.2006,92.9376,1,1,0,0.0,0,0.0
2020/04/01,Bihar,25.0961,85.3131,23,22,1,0.0434782608695652,0,0.0
2020/04/01,Chandigarh,30.7333,76.7794,16,16,0,0.0,0,0.0
2020/04/01,Chhattisgarh,21.2787,81.8661,9,7,0,0.0,2,0.2222222222222222
2020/04/01,Delhi,28.7041,77.1025,152,144,2,0.0131578947368421,6,0.0394736842105263
2020/04/01,Goa,15.2993,74.124,5,5,0,0.0,0,0.0
2020/04/01,Gujarat,22.2587,71.1924,82,71,6,0.073170731707317,5,0.0609756097560975
2020/04/01,Haryana,29.0588,76.0856,43,22,0,0.0,21,0.4883720930232558
2020/04/01,Himachal Pradesh,31.1048,77.1734,3,2,1,0.3333333333333333,0,0.0
2020/04/01,Jammu and Kashmir,33.7782,76.5762,62,58,2,0.032258064516129,2,0.032258064516129
2020/04/01,Jharkhand,23.6102,85.2799,1,1,0,0.0,0,0.0
2020/04/01,Karnataka,15.3173,75.7139,101,90,3,0.0297029702970297,8,0.0792079207920792
2020/04/01,Kerala,10.8505,76.2711,241,216,2,0.0082987551867219,23,0.0954356846473029
2020/04/01,Ladakh,34.2996,78.2932,13,10,0,0.0,3,0.2307692307692307
2020/04/01,Madhya Pradesh,22.9734,78.6569,66,63,3,0.0454545454545454,0,0.0
2020/04/01,Maharashtra,19.7515,75.7139,302,254,9,0.0298013245033112,39,0.1291390728476821
2020/04/01,Manipur,24.6637,93.9063,1,1,0,0.0,0,0.0
2020/04/01,Mizoram,23.1645,92.9376,1,1,0,0.0,0,0.0
2020/04/01,Odisha,20.9517,85.0985,4,4,0,0.0,0,0.0
2020/04/01,Puducherry,11.9416,79.8083,3,2,0,0.0,1,0.3333333333333333
2020/04/01,Punjab,31.1471,75.3412,42,38,3,0.0714285714285714,1,0.0238095238095238
2020/04/01,Rajasthan,27.0238,74.2179,93,90,0,0.0,3,0.032258064516129
2020/04/01,Tamil Nadu,11.1271,78.6569,234,227,1,0.0042735042735042,6,0.0256410256410256
2020/04/01,Telengana,18.1124,79.0193,96,92,3,0.03125,1,0.0104166666666666
2020/04/01,Uttar Pradesh,26.8467,80.9462,103,87,2,0.0194174757281553,14,0.1359223300970873
2020/04/01,Uttarakhand,30.0668,79.0193,7,5,0,0.0,2,0.2857142857142857
2020/04/02,Andaman and Nicobar Islands,11.7401,92.6586,10,10,0,0.0,0,0.0
2020/04/02,Andhra Pradesh,15.9129,79.74,86,84,1,0.0116279069767441,1,0.0116279069767441
2020/04/02,Assam,26.2006,92.9376,1,1,0,0.0,0,0.0
2020/04/02,Bihar,25.0961,85.3131,23,22,1,0.0434782608695652,0,0.0
2020/04/02,Chandigarh,30.7333,76.7794,16,16,0,0.0,0,0.0
2020/04/02,Chhattisgarh,21.2787,81.8661,9,7,0,0.0,2,0.2222222222222222
2020/04/02,Delhi,28.7041,77.1025,152,144,2,0.0131578947368421,6,0.0394736842105263
2020/04/02,Goa,15.2993,74.124,5,5,0,0.0,0,0.0
2020/04/02,Gujarat,22.2587,71.1924,82,71,6,0.073170731707317,5,0.0609756097560975
2020/04/02,Haryana,29.0588,76.0856,43,22,0,0.0,21,0.4883720930232558
2020/04/02,Himachal Pradesh,31.1048,77.1734,3,1,1,0.3333333333333333,1,0.3333333333333333
2020/04/02,Jammu and Kashmir,33.7782,76.5762,62,58,2,0.032258064516129,2,0.032258064516129
2020/04/02,Jharkhand,23.6102,85.2799,1,1,0,0.0,0,0.0
2020/04/02,Karnataka,15.3173,75.7139,110,98,3,0.0272727272727272,9,0.0818181818181818
2020/04/02,Kerala,10.8505,76.2711,265,238,2,0.0075471698113207,25,0.0943396226415094
2020/04/02,Ladakh,34.2996,78.2932,13,10,0,0.0,3,0.2307692307692307
2020/04/02,Madhya Pradesh,22.9734,78.6569,99,93,6,0.0606060606060606,0,0.0
2020/04/02,Maharashtra,19.7515,75.7139,335,280,13,0.0388059701492537,42,0.1253731343283582
2020/04/02,Manipur,24.6637,93.9063,1,1,0,0.0,0,0.0
2020/04/02,Mizoram,23.1645,92.9376,1,1,0,0.0,0,0.0
2020/04/02,Odisha,20.9517,85.0985,4,4,0,0.0,0,0.0
2020/04/02,Puducherry,11.9416,79.8083,3,2,0,0.0,1,0.3333333333333333
2020/04/02,Punjab,31.1471,75.3412,46,41,4,0.0869565217391304,1,0.0217391304347826
2020/04/02,Rajasthan,27.0238,74.2179,108,105,0,0.0,3,0.0277777777777777
2020/04/02,Tamil Nadu,11.1271,78.6569,234,227,1,0.0042735042735042,6,0.0256410256410256
2020/04/02,Telengana,18.1124,79.0193,96,92,3,0.03125,1,0.0104166666666666
2020/04/02,Uttar Pradesh,26.8467,80.9462,113,97,2,0.0176991150442477,14,0.1238938053097345
2020/04/02,Uttarakhand,30.0668,79.0193,7,5,0,0.0,2,0.2857142857142857
2020/04/03,Andaman and Nicobar Islands,11.7401,92.6586,10,10,0,0.0,0,0.0
2020/04/03,Andhra Pradesh,15.9129,79.74,132,130,1,0.0075757575757575,1,0.0075757575757575
2020/04/03,Arunachal Pradesh,28.218000000000004,94.7278,1,1,0,0.0,0,0.0
2020/04/03,Assam,26.2006,92.9376,16,16,0,0.0,0,0.0
2020/04/03,Bihar,25.0961,85.3131,24,23,1,0.0416666666666666,0,0.0
2020/04/03,Chandigarh,30.7333,76.7794,18,18,0,0.0,0,0.0
2020/04/03,Chhattisgarh,21.2787,81.8661,9,7,0,0.0,2,0.2222222222222222
2020/04/03,Delhi,28.7041,77.1025,219,207,4,0.0182648401826484,8,0.0365296803652968
2020/04/03,Goa,15.2993,74.124,6,6,0,0.0,0,0.0
2020/04/03,Gujarat,22.2587,71.1924,87,72,7,0.0804597701149425,8,0.0919540229885057
2020/04/03,Haryana,29.0588,76.0856,43,22,0,0.0,21,0.4883720930232558
2020/04/03,Himachal Pradesh,31.1048,77.1734,6,4,1,0.1666666666666666,1,0.1666666666666666
2020/04/03,Jammu and Kashmir,33.7782,76.5762,70,65,2,0.0285714285714285,3,0.0428571428571428
2020/04/03,Jharkhand,23.6102,85.2799,2,2,0,0.0,0,0.0
2020/04/03,Karnataka,15.3173,75.7139,124,111,3,0.0241935483870967,10,0.0806451612903225
2020/04/03,Kerala,10.8505,76.2711,286,257,2,0.0069930069930069,27,0.0944055944055944
2020/04/03,Ladakh,34.2996,78.2932,14,11,0,0.0,3,0.2142857142857142
2020/04/03,Madhya Pradesh,22.9734,78.6569,99,93,6,0.0606060606060606,0,0.0
2020/04/03,Maharashtra,19.7515,75.7139,335,277,16,0.0477611940298507,42,0.1253731343283582
2020/04/03,Manipur,24.6637,93.9063,2,2,0,0.0,0,0.0
2020/04/03,Mizoram,23.1645,92.9376,1,1,0,0.0,0,0.0
2020/04/03,Odisha,20.9517,85.0985,5,5,0,0.0,0,0.0
2020/04/03,Puducherry,11.9416,79.8083,3,2,0,0.0,1,0.3333333333333333
2020/04/03,Punjab,31.1471,75.3412,46,41,4,0.0869565217391304,1,0.0217391304347826
2020/04/03,Rajasthan,27.0238,74.2179,133,130,0,0.0,3,0.0225563909774436
2020/04/03,Tamil Nadu,11.1271,78.6569,309,302,1,0.0032362459546925,6,0.0194174757281553
2020/04/03,Telengana,18.1124,79.0193,107,103,3,0.02803738317757,1,0.0093457943925233
2020/04/03,Uttar Pradesh,26.8467,80.9462,113,97,2,0.0176991150442477,14,0.1238938053097345
2020/04/03,Uttarakhand,30.0668,79.0193,10,8,0,0.0,2,0.2
2020/04/03,West Bengal,22.9868,87.855,53,47,3,0.0566037735849056,3,0.0566037735849056
2020/04/04,Andaman and Nicobar Islands,11.7401,92.6586,10,10,0,0.0,0,0.0
2020/04/04,Andhra Pradesh,15.9129,79.74,161,159,1,0.0062111801242236,1,0.0062111801242236
2020/04/04,Arunachal Pradesh,28.218000000000004,94.7278,1,1,0,0.0,0,0.0
2020/04/04,Assam,26.2006,92.9376,24,24,0,0.0,0,0.0
2020/04/04,Bihar,25.0961,85.3131,29,28,1,0.0344827586206896,0,0.0
2020/04/04,Chandigarh,30.7333,76.7794,18,18,0,0.0,0,0.0
2020/04/04,Chhattisgarh,21.2787,81.8661,9,6,0,0.0,3,0.3333333333333333
2020/04/04,Delhi,28.7041,77.1025,386,372,6,0.0155440414507772,8,0.0207253886010362
2020/04/04,Goa,15.2993,74.124,6,6,0,0.0,0,0.0
2020/04/04,Gujarat,22.2587,71.1924,95,76,9,0.0947368421052631,10,0.1052631578947368
2020/04/04,Haryana,29.0588,76.0856,49,25,0,0.0,24,0.4897959183673469
2020/04/04,Himachal Pradesh,31.1048,77.1734,6,4,1,0.1666666666666666,1,0.1666666666666666
2020/04/04,Jammu and Kashmir,33.7782,76.5762,75,70,2,0.0266666666666666,3,0.04
2020/04/04,Jharkhand,23.6102,85.2799,2,2,0,0.0,0,0.0
2020/04/04,Karnataka,15.3173,75.7139,128,113,3,0.0234375,12,0.09375
2020/04/04,Kerala,10.8505,76.2711,295,252,2,0.0067796610169491,41,0.1389830508474576
2020/04/04,Ladakh,34.2996,78.2932,14,11,0,0.0,3,0.2142857142857142
2020/04/04,Madhya Pradesh,22.9734,78.6569,104,98,6,0.0576923076923076,0,0.0
2020/04/04,Maharashtra,19.7515,75.7139,423,362,19,0.0449172576832151,42,0.0992907801418439
2020/04/04,Manipur,24.6637,93.9063,2,2,0,0.0,0,0.0
2020/04/04,Mizoram,23.1645,92.9376,1,1,0,0.0,0,0.0
2020/04/04,Odisha,20.9517,85.0985,5,5,0,0.0,0,0.0
2020/04/04,Puducherry,11.9416,79.8083,5,4,0,0.0,1,0.2
2020/04/04,Punjab,31.1471,75.3412,53,47,5,0.0943396226415094,1,0.0188679245283018
2020/04/04,Rajasthan,27.0238,74.2179,179,176,0,0.0,3,0.0167597765363128
2020/04/04,Tamil Nadu,11.1271,78.6569,411,404,1,0.0024330900243309,6,0.0145985401459854
2020/04/04,Telengana,18.1124,79.0193,158,150,7,0.0443037974683544,1,0.0063291139240506
2020/04/04,Uttar Pradesh,26.8467,80.9462,174,153,2,0.0114942528735632,19,0.1091954022988505
2020/04/04,Uttarakhand,30.0668,79.0193,16,14,0,0.0,2,0.125
2020/04/05,Andaman and Nicobar Islands,11.7401,92.6586,10,10,0,0.0,0,0.0
2020/04/05,Andhra Pradesh,15.9129,79.74,161,159,1,0.0062111801242236,1,0.0062111801242236
2020/04/05,Arunachal Pradesh,28.218000000000004,94.7278,1,1,0,0.0,0,0.0
2020/04/05,Assam,26.2006,92.9376,24,24,0,0.0,0,0.0
2020/04/05,Bihar,25.0961,85.3131,30,29,1,0.0333333333333333,0,0.0
2020/04/05,Chandigarh,30.7333,76.7794,18,18,0,0.0,0,0.0
2020/04/05,Chhattisgarh,21.2787,81.8661,9,6,0,0.0,3,0.3333333333333333
2020/04/05,Delhi,28.7041,77.1025,445,424,6,0.0134831460674157,15,0.0337078651685393
2020/04/05,Goa,15.2993,74.124,7,7,0,0.0,0,0.0
2020/04/05,Gujarat,22.2587,71.1924,105,81,10,0.0952380952380952,14,0.1333333333333333
2020/04/05,Haryana,29.0588,76.0856,49,25,0,0.0,24,0.4897959183673469
2020/04/05,Himachal Pradesh,31.1048,77.1734,6,4,1,0.1666666666666666,1,0.1666666666666666
2020/04/05,Jammu and Kashmir,33.7782,76.5762,92,86,2,0.0217391304347826,4,0.0434782608695652
2020/04/05,Jharkhand,23.6102,85.2799,2,2,0,0.0,0,0.0
2020/04/05,Karnataka,15.3173,75.7139,144,128,4,0.0277777777777777,12,0.0833333333333333
2020/04/05,Kerala,10.8505,76.2711,306,255,2,0.0065359477124183,49,0.1601307189542483
2020/04/05,Ladakh,34.2996,78.2932,14,4,0,0.0,10,0.7142857142857143
2020/04/05,Madhya Pradesh,22.9734,78.6569,104,98,6,0.0576923076923076,0,0.0
2020/04/05,Maharashtra,19.7515,75.7139,490,424,24,0.0489795918367346,42,0.0857142857142857
2020/04/05,Manipur,24.6637,93.9063,2,2,0,0.0,0,0.0
2020/04/05,Mizoram,23.1645,92.9376,1,1,0,0.0,0,0.0
2020/04/05,Odisha,20.9517,85.0985,20,20,0,0.0,0,0.0
2020/04/05,Puducherry,11.9416,79.8083,5,4,0,0.0,1,0.2
2020/04/05,Punjab,31.1471,75.3412,57,51,5,0.087719298245614,1,0.0175438596491228
2020/04/05,Rajasthan,27.0238,74.2179,200,179,0,0.0,21,0.105
2020/04/05,Tamil Nadu,11.1271,78.6569,485,476,3,0.0061855670103092,6,0.0123711340206185
2020/04/05,Telengana,18.1124,79.0193,269,230,7,0.0260223048327137,32,0.1189591078066914
2020/04/05,Uttar Pradesh,26.8467,80.9462,227,206,2,0.0088105726872246,19,0.0837004405286343
2020/04/05,Uttarakhand,30.0668,79.0193,22,20,0,0.0,2,0.0909090909090909
2020/04/05,West Bengal,22.9868,87.855,69,56,3,0.0434782608695652,10,0.144927536231884
2020/04/06,Andaman and Nicobar Islands,11.7401,92.6586,10,10,0,0.0,0,0.0
2020/04/06,Andhra Pradesh,15.9129,79.74,226,222,3,0.0132743362831858,1,0.0044247787610619
2020/04/06,Arunachal Pradesh,28.218000000000004,94.7278,1,1,0,0.0,0,0.0
2020/04/06,Assam,26.2006,92.9376,26,26,0,0.0,0,0.0
2020/04/06,Bihar,25.0961,85.3131,30,29,1,0.0333333333333333,0,0.0
2020/04/06,Chandigarh,30.7333,76.7794,18,18,0,0.0,0,0.0
2020/04/06,Chhattisgarh,21.2787,81.8661,9,6,0,0.0,3,0.3333333333333333
2020/04/06,Delhi,28.7041,77.1025,503,478,7,0.0139165009940357,18,0.0357852882703777
2020/04/06,Goa,15.2993,74.124,7,7,0,0.0,0,0.0
2020/04/06,Gujarat,22.2587,71.1924,122,93,11,0.0901639344262295,18,0.1475409836065573
2020/04/06,Haryana,29.0588,76.0856,84,58,1,0.0119047619047619,25,0.2976190476190476
2020/04/06,Himachal Pradesh,31.1048,77.1734,13,11,1,0.0769230769230769,1,0.0769230769230769
2020/04/06,Jammu and Kashmir,33.7782,76.5762,106,100,2,0.0188679245283018,4,0.0377358490566037
2020/04/06,Jharkhand,23.6102,85.2799,3,3,0,0.0,0,0.0
2020/04/06,Karnataka,15.3173,75.7139,151,135,4,0.0264900662251655,12,0.0794701986754966
2020/04/06,Kerala,10.8505,76.2711,314,257,2,0.0063694267515923,55,0.1751592356687898
2020/04/06,Ladakh,34.2996,78.2932,14,4,0,0.0,10,0.7142857142857143
2020/04/06,Madhya Pradesh,22.9734,78.6569,165,156,9,0.0545454545454545,0,0.0
2020/04/06,Maharashtra,19.7515,75.7139,690,603,45,0.0652173913043478,42,0.0608695652173913
2020/04/06,Manipur,24.6637,93.9063,2,2,0,0.0,0,0.0
2020/04/06,Mizoram,23.1645,92.9376,1,1,0,0.0,0,0.0
2020/04/06,Odisha,20.9517,85.0985,21,19,0,0.0,2,0.0952380952380952
2020/04/06,Puducherry,11.9416,79.8083,5,4,0,0.0,1,0.2
2020/04/06,Punjab,31.1471,75.3412,68,58,6,0.088235294117647,4,0.0588235294117647
2020/04/06,Rajasthan,27.0238,74.2179,253,232,0,0.0,21,0.0830039525691699
2020/04/06,Tamil Nadu,11.1271,78.6569,571,558,5,0.0087565674255691,8,0.0140105078809106
2020/04/06,Telengana,18.1124,79.0193,321,280,7,0.0218068535825545,34,0.1059190031152648
2020/04/06,Uttar Pradesh,26.8467,80.9462,227,206,2,0.0088105726872246,19,0.0837004405286343
2020/04/06,Uttarakhand,30.0668,79.0193,26,22,0,0.0,4,0.1538461538461538
2020/04/06,West Bengal,22.9868,87.855,80,67,3,0.0375,10,0.125
2020/04/07,Andaman and Nicobar Islands,11.7401,92.6586,10,10,0,0.0,0,0.0
2020/04/07,Andhra Pradesh,15.9129,79.74,266,262,3,0.0112781954887218,1,0.0037593984962406
2020/04/07,Arunachal Pradesh,28.218000000000004,94.7278,1,1,0,0.0,0,0.0
2020/04/07,Assam,26.2006,92.9376,26,26,0,0.0,0,0.0
2020/04/07,Bihar,25.0961,85.3131,32,31,1,0.03125,0,0.0
2020/04/07,Chandigarh,30.7333,76.7794,18,18,0,0.0,0,0.0
2020/04/07,Chhattisgarh,21.2787,81.8661,10,2,0,0.0,8,0.8
2020/04/07,Delhi,28.7041,77.1025,523,497,7,0.0133843212237093,19,0.0363288718929254
2020/04/07,Goa,15.2993,74.124,7,7,0,0.0,0,0.0
2020/04/07,Gujarat,22.2587,71.1924,144,110,12,0.0833333333333333,22,0.1527777777777778
2020/04/07,Haryana,29.0588,76.0856,90,64,1,0.0111111111111111,25,0.2777777777777778
2020/04/07,Himachal Pradesh,31.1048,77.1734,13,10,1,0.0769230769230769,2,0.1538461538461538
2020/04/07,Jammu and Kashmir,33.7782,76.5762,109,103,2,0.018348623853211,4,0.036697247706422
2020/04/07,Jharkhand,23.6102,85.2799,4,4,0,0.0,0,0.0
2020/04/07,Karnataka,15.3173,75.7139,151,135,4,0.0264900662251655,12,0.0794701986754966
2020/04/07,Kerala,10.8505,76.2711,327,267,2,0.0061162079510703,58,0.1773700305810397
2020/04/07,Ladakh,34.2996,78.2932,14,4,0,0.0,10,0.7142857142857143
2020/04/07,Madhya Pradesh,22.9734,78.6569,165,156,9,0.0545454545454545,0,0.0
2020/04/07,Maharashtra,19.7515,75.7139,748,647,45,0.0601604278074866,56,0.0748663101604278
2020/04/07,Manipur,24.6637,93.9063,2,2,0,0.0,0,0.0
2020/04/07,Mizoram,23.1645,92.9376,1,1,0,0.0,0,0.0
2020/04/07,Odisha,20.9517,85.0985,21,19,0,0.0,2,0.0952380952380952
2020/04/07,Puducherry,11.9416,79.8083,5,4,0,0.0,1,0.2
2020/04/07,Punjab,31.1471,75.3412,76,66,6,0.0789473684210526,4,0.0526315789473684
2020/04/07,Rajasthan,27.0238,74.2179,288,264,3,0.0104166666666666,21,0.0729166666666666
2020/04/07,Tamil Nadu,11.1271,78.6569,621,608,5,0.0080515297906602,8,0.0128824476650563
2020/04/07,Telengana,18.1124,79.0193,321,280,7,0.0218068535825545,34,0.1059190031152648
2020/04/07,Tripura,23.9408,91.9882,1,1,0,0.0,0,0.0
2020/04/07,Uttar Pradesh,26.8467,80.9462,305,281,3,0.0098360655737704,21,0.0688524590163934
2020/04/07,Uttarakhand,30.0668,79.0193,31,26,0,0.0,5,0.1612903225806451
2020/04/07,West Bengal,22.9868,87.855,91,75,3,0.0329670329670329,13,0.1428571428571428
2020/04/08,Andaman and Nicobar Islands,11.7401,92.6586,10,10,0,0.0,0,0.0
2020/04/08,Andhra Pradesh,15.9129,79.74,305,300,4,0.0131147540983606,1,0.0032786885245901
2020/04/08,Arunachal Pradesh,28.218000000000004,94.7278,1,1,0,0.0,0,0.0
2020/04/08,Assam,26.2006,92.9376,27,27,0,0.0,0,0.0
2020/04/08,Bihar,25.0961,85.3131,38,37,1,0.0263157894736842,0,0.0
2020/04/08,Chandigarh,30.7333,76.7794,18,11,0,0.0,7,0.3888888888888889
2020/04/08,Chhattisgarh,21.2787,81.8661,10,1,0,0.0,9,0.9
2020/04/08,Delhi,28.7041,77.1025,576,546,9,0.015625,21,0.0364583333333333
2020/04/08,Goa,15.2993,74.124,7,7,0,0.0,0,0.0
2020/04/08,Gujarat,22.2587,71.1924,165,127,13,0.0787878787878787,25,0.1515151515151515
2020/04/08,Haryana,29.0588,76.0856,147,116,3,0.0204081632653061,28,0.1904761904761904
2020/04/08,Himachal Pradesh,31.1048,77.1734,18,15,1,0.0555555555555555,2,0.1111111111111111
2020/04/08,Jammu and Kashmir,33.7782,76.5762,116,110,2,0.0172413793103448,4,0.0344827586206896
2020/04/08,Jharkhand,23.6102,85.2799,4,4,0,0.0,0,0.0
2020/04/08,Karnataka,15.3173,75.7139,175,146,4,0.0228571428571428,25,0.1428571428571428
2020/04/08,Kerala,10.8505,76.2711,336,264,2,0.0059523809523809,70,0.2083333333333333
2020/04/08,Ladakh,34.2996,78.2932,14,4,0,0.0,10,0.7142857142857143
2020/04/08,Madhya Pradesh,22.9734,78.6569,229,216,13,0.056768558951965,0,0.0
2020/04/08,Maharashtra,19.7515,75.7139,1018,875,64,0.0628683693516699,79,0.0776031434184675
2020/04/08,Manipur,24.6637,93.9063,2,2,0,0.0,0,0.0
2020/04/08,Mizoram,23.1645,92.9376,1,1,0,0.0,0,0.0
2020/04/08,Odisha,20.9517,85.0985,42,39,1,0.0238095238095238,2,0.0476190476190476
2020/04/08,Puducherry,11.9416,79.8083,5,4,0,0.0,1,0.2
2020/04/08,Punjab,31.1471,75.3412,91,80,7,0.0769230769230769,4,0.0439560439560439
2020/04/08,Rajasthan,27.0238,74.2179,328,304,3,0.0091463414634146,21,0.0640243902439024
2020/04/08,Tamil Nadu,11.1271,78.6569,690,664,7,0.0101449275362318,19,0.0275362318840579
2020/04/08,Telengana,18.1124,79.0193,364,322,7,0.0192307692307692,35,0.0961538461538461
2020/04/08,Tripura,23.9408,91.9882,1,1,0,0.0,0,0.0
2020/04/08,Uttar Pradesh,26.8467,80.9462,326,302,3,0.00920245398773,21,0.0644171779141104
2020/04/08,Uttarakhand,30.0668,79.0193,31,26,0,0.0,5,0.1612903225806451
2020/04/08,West Bengal,22.9868,87.855,99,81,5,0.0505050505050505,13,0.1313131313131313
2020/04/09,Andaman and Nicobar Islands,11.7401,92.6586,11,11,0,0.0,0,0.0
2020/04/09,Andhra Pradesh,15.9129,79.74,348,338,4,0.0114942528735632,6,0.0172413793103448
2020/04/09,Arunachal Pradesh,28.218000000000004,94.7278,1,1,0,0.0,0,0.0
2020/04/09,Assam,26.2006,92.9376,28,28,0,0.0,0,0.0
2020/04/09,Bihar,25.0961,85.3131,38,37,1,0.0263157894736842,0,0.0
2020/04/09,Chandigarh,30.7333,76.7794,18,11,0,0.0,7,0.3888888888888889
2020/04/09,Chhattisgarh,21.2787,81.8661,10,1,0,0.0,9,0.9
2020/04/09,Delhi,28.7041,77.1025,669,639,9,0.0134529147982062,21,0.0313901345291479
2020/04/09,Goa,15.2993,74.124,7,7,0,0.0,0,0.0
2020/04/09,Gujarat,22.2587,71.1924,179,138,16,0.0893854748603352,25,0.1396648044692737
2020/04/09,Haryana,29.0588,76.0856,147,116,3,0.0204081632653061,28,0.1904761904761904
2020/04/09,Himachal Pradesh,31.1048,77.1734,18,15,1,0.0555555555555555,2,0.1111111111111111
2020/04/09,Jammu and Kashmir,33.7782,76.5762,158,150,4,0.0253164556962025,4,0.0253164556962025
2020/04/09,Jharkhand,23.6102,85.2799,4,4,0,0.0,0,0.0
2020/04/09,Karnataka,15.3173,75.7139,181,148,5,0.0276243093922651,28,0.154696132596685
2020/04/09,Kerala,10.8505,76.2711,345,260,2,0.0057971014492753,83,0.2405797101449275
2020/04/09,Ladakh,34.2996,78.2932,14,4,0,0.0,10,0.7142857142857143
2020/04/09,Madhya Pradesh,22.9734,78.6569,229,216,13,0.056768558951965,0,0.0
2020/04/09,Maharashtra,19.7515,75.7139,1135,946,72,0.0634361233480176,117,0.1030837004405286
2020/04/09,Manipur,24.6637,93.9063,1,0,0,0.0,1,1.0
2020/04/09,Mizoram,23.1645,92.9376,1,1,0,0.0,0,0.0
2020/04/09,Odisha,20.9517,85.0985,42,39,1,0.0238095238095238,2,0.0476190476190476
2020/04/09,Puducherry,11.9416,79.8083,5,4,0,0.0,1,0.2
2020/04/09,Punjab,31.1471,75.3412,101,89,8,0.0792079207920792,4,0.0396039603960396
2020/04/09,Rajasthan,27.0238,74.2179,381,357,3,0.0078740157480314,21,0.0551181102362204
2020/04/09,Tamil Nadu,11.1271,78.6569,738,709,8,0.010840108401084,21,0.0284552845528455
2020/04/09,Telengana,18.1124,79.0193,427,385,7,0.0163934426229508,35,0.081967213114754
2020/04/09,Tripura,23.9408,91.9882,1,1,0,0.0,0,0.0
2020/04/09,Uttar Pradesh,26.8467,80.9462,361,330,4,0.0110803324099723,27,0.074792243767313
2020/04/09,Uttarakhand,30.0668,79.0193,33,28,0,0.0,5,0.1515151515151515
2020/04/09,West Bengal,22.9868,87.855,103,82,5,0.0485436893203883,16,0.1553398058252427
2020/04/10,Andaman and Nicobar Islands,11.7401,92.6586,11,11,0,0.0,0,0.0
2020/04/10,Andhra Pradesh,15.9129,79.74,348,338,4,0.0114942528735632,6,0.0172413793103448
2020/04/10,Arunachal Pradesh,28.218000000000004,94.7278,1,1,0,0.0,0,0.0
2020/04/10,Assam,26.2006,92.9376,29,29,0,0.0,0,0.0
2020/04/10,Bihar,25.0961,85.3131,39,38,1,0.0256410256410256,0,0.0
2020/04/10,Chandigarh,30.7333,76.7794,18,11,0,0.0,7,0.3888888888888889
2020/04/10,Chhattisgarh,21.2787,81.8661,10,1,0,0.0,9,0.9
2020/04/10,Delhi,28.7041,77.1025,720,683,12,0.0166666666666666,25,0.0347222222222222
2020/04/10,Goa,15.2993,74.124,7,7,0,0.0,0,0.0
2020/04/10,Gujarat,22.2587,71.1924,241,198,17,0.0705394190871369,26,0.1078838174273859
2020/04/10,Haryana,29.0588,76.0856,169,137,3,0.0177514792899408,29,0.1715976331360946
2020/04/10,Himachal Pradesh,31.1048,77.1734,18,15,1,0.0555555555555555,2,0.1111111111111111
2020/04/10,Jammu and Kashmir,33.7782,76.5762,158,150,4,0.0253164556962025,4,0.0253164556962025
2020/04/10,Jharkhand,23.6102,85.2799,13,12,1,0.0769230769230769,0,0.0
2020/04/10,Karnataka,15.3173,75.7139,181,148,5,0.0276243093922651,28,0.154696132596685
2020/04/10,Kerala,10.8505,76.2711,357,259,2,0.0056022408963585,96,0.2689075630252101
2020/04/10,Ladakh,34.2996,78.2932,15,5,0,0.0,10,0.6666666666666666
2020/04/10,Madhya Pradesh,22.9734,78.6569,259,243,16,0.0617760617760617,0,0.0
2020/04/10,Maharashtra,19.7515,75.7139,1364,1142,97,0.0711143695014662,125,0.0916422287390029
2020/04/10,Manipur,24.6637,93.9063,2,1,0,0.0,1,0.5
2020/04/10,Mizoram,23.1645,92.9376,1,1,0,0.0,0,0.0
2020/04/10,Odisha,20.9517,85.0985,44,41,1,0.0227272727272727,2,0.0454545454545454
2020/04/10,Puducherry,11.9416,79.8083,5,4,0,0.0,1,0.2
2020/04/10,Punjab,31.1471,75.3412,101,89,8,0.0792079207920792,4,0.0396039603960396
2020/04/10,Rajasthan,27.0238,74.2179,463,439,3,0.0064794816414686,21,0.0453563714902807
2020/04/10,Tamil Nadu,11.1271,78.6569,834,805,8,0.0095923261390887,21,0.0251798561151079
2020/04/10,Telengana,18.1124,79.0193,442,400,7,0.0158371040723981,35,0.0791855203619909
2020/04/10,Tripura,23.9408,91.9882,1,1,0,0.0,0,0.0
2020/04/10,Uttar Pradesh,26.8467,80.9462,410,375,4,0.0097560975609756,31,0.0756097560975609
2020/04/10,Uttarakhand,30.0668,79.0193,35,30,0,0.0,5,0.1428571428571428
2020/04/10,West Bengal,22.9868,87.855,116,95,5,0.043103448275862,16,0.1379310344827586
2020/04/11,Andaman and Nicobar Islands,11.7401,92.6586,11,11,0,0.0,0,0.0
2020/04/11,Andhra Pradesh,15.9129,79.74,363,350,6,0.0165289256198347,7,0.0192837465564738
2020/04/11,Arunachal Pradesh,28.218000000000004,94.7278,1,1,0,0.0,0,0.0
2020/04/11,Assam,26.2006,92.9376,29,28,1,0.0344827586206896,0,0.0
2020/04/11,Bihar,25.0961,85.3131,60,59,1,0.0166666666666666,0,0.0
2020/04/11,Chandigarh,30.7333,76.7794,18,11,0,0.0,7,0.3888888888888889
2020/04/11,Chhattisgarh,21.2787,81.8661,18,9,0,0.0,9,0.5
2020/04/11,Delhi,28.7041,77.1025,903,865,13,0.0143964562569213,25,0.0276854928017718
2020/04/11,Goa,15.2993,74.124,7,6,0,0.0,1,0.1428571428571428
2020/04/11,Gujarat,22.2587,71.1924,308,258,19,0.0616883116883116,31,0.1006493506493506
2020/04/11,Haryana,29.0588,76.0856,177,145,3,0.0169491525423728,29,0.1638418079096045
2020/04/11,Himachal Pradesh,31.1048,77.1734,28,21,1,0.0357142857142857,6,0.2142857142857142
2020/04/11,Jammu and Kashmir,33.7782,76.5762,207,197,4,0.0193236714975845,6,0.0289855072463768
2020/04/11,Jharkhand,23.6102,85.2799,14,13,1,0.0714285714285714,0,0.0
2020/04/11,Karnataka,15.3173,75.7139,207,170,6,0.0289855072463768,31,0.1497584541062802
2020/04/11,Kerala,10.8505,76.2711,364,239,2,0.0054945054945054,123,0.3379120879120879
2020/04/11,Ladakh,34.2996,78.2932,15,5,0,0.0,10,0.6666666666666666
2020/04/11,Madhya Pradesh,22.9734,78.6569,435,402,33,0.0758620689655172,0,0.0
2020/04/11,Maharashtra,19.7515,75.7139,1574,1276,110,0.0698856416772554,188,0.1194409148665819
2020/04/11,Manipur,24.6637,93.9063,2,1,0,0.0,1,0.5
2020/04/11,Mizoram,23.1645,92.9376,1,1,0,0.0,0,0.0
2020/04/11,Odisha,20.9517,85.0985,48,45,1,0.0208333333333333,2,0.0416666666666666
2020/04/11,Puducherry,11.9416,79.8083,5,4,0,0.0,1,0.2
2020/04/11,Punjab,31.1471,75.3412,132,116,11,0.0833333333333333,5,0.0378787878787878
2020/04/11,Rajasthan,27.0238,74.2179,553,529,3,0.0054249547920434,21,0.0379746835443038
2020/04/11,Tamil Nadu,11.1271,78.6569,911,859,8,0.0087815587266739,44,0.0482985729967069
2020/04/11,Telengana,18.1124,79.0193,473,423,7,0.014799154334038,43,0.0909090909090909
2020/04/11,Tripura,23.9408,91.9882,1,1,0,0.0,0,0.0
2020/04/11,Uttar Pradesh,26.8467,80.9462,431,395,4,0.0092807424593967,32,0.074245939675174
2020/04/11,Uttarakhand,30.0668,79.0193,35,30,0,0.0,5,0.1428571428571428
2020/04/11,West Bengal,22.9868,87.855,116,95,5,0.043103448275862,16,0.1379310344827586
2020/04/12,Andaman and Nicobar Islands,11.7401,92.6586,11,1,0,0.0,10,0.9090909090909092
2020/04/12,Andhra Pradesh,15.9129,79.74,381,364,6,0.0157480314960629,11,0.0288713910761154
2020/04/12,Arunachal Pradesh,28.218000000000004,94.7278,1,1,0,0.0,0,0.0
2020/04/12,Assam,26.2006,92.9376,29,28,1,0.0344827586206896,0,0.0
2020/04/12,Bihar,25.0961,85.3131,63,62,1,0.0158730158730158,0,0.0
2020/04/12,Chandigarh,30.7333,76.7794,19,12,0,0.0,7,0.3684210526315789
2020/04/12,Chhattisgarh,21.2787,81.8661,18,9,0,0.0,9,0.5
2020/04/12,Delhi,28.7041,77.1025,1069,1025,19,0.0177736202057998,25,0.0233863423760523
2020/04/12,Goa,15.2993,74.124,7,2,0,0.0,5,0.7142857142857143
2020/04/12,Gujarat,22.2587,71.1924,432,366,22,0.0509259259259259,44,0.1018518518518518
2020/04/12,Haryana,29.0588,76.0856,177,145,3,0.0169491525423728,29,0.1638418079096045
2020/04/12,Himachal Pradesh,31.1048,77.1734,32,25,1,0.03125,6,0.1875
2020/04/12,Jammu and Kashmir,33.7782,76.5762,207,197,4,0.0193236714975845,6,0.0289855072463768
2020/04/12,Jharkhand,23.6102,85.2799,17,16,1,0.0588235294117647,0,0.0
2020/04/12,Karnataka,15.3173,75.7139,214,171,6,0.02803738317757,37,0.1728971962616822
2020/04/12,Kerala,10.8505,76.2711,364,239,2,0.0054945054945054,123,0.3379120879120879
2020/04/12,Ladakh,34.2996,78.2932,15,5,0,0.0,10,0.6666666666666666
2020/04/12,Madhya Pradesh,22.9734,78.6569,532,496,36,0.0676691729323308,0,0.0
2020/04/12,Maharashtra,19.7515,75.7139,1761,1426,127,0.0721181147075525,208,0.1181147075525269
2020/04/12,Manipur,24.6637,93.9063,2,1,0,0.0,1,0.5
2020/04/12,Mizoram,23.1645,92.9376,1,1,0,0.0,0,0.0
2020/04/12,Odisha,20.9517,85.0985,50,47,1,0.02,2,0.04
2020/04/12,Puducherry,11.9416,79.8083,7,6,0,0.0,1,0.1428571428571428
2020/04/12,Punjab,31.1471,75.3412,151,135,11,0.0728476821192053,5,0.0331125827814569
2020/04/12,Rajasthan,27.0238,74.2179,700,676,3,0.0042857142857142,21,0.03
2020/04/12,Tamil Nadu,11.1271,78.6569,969,915,10,0.0103199174406604,44,0.045407636738906
2020/04/12,Telengana,18.1124,79.0193,504,452,9,0.0178571428571428,43,0.0853174603174603
2020/04/12,Tripura,23.9408,91.9882,2,2,0,0.0,0,0.0
2020/04/12,Uttar Pradesh,26.8467,80.9462,452,402,5,0.0110619469026548,45,0.0995575221238938
2020/04/12,Uttarakhand,30.0668,79.0193,35,30,0,0.0,5,0.1428571428571428
2020/04/12,West Bengal,22.9868,87.855,134,110,5,0.0373134328358208,19,0.1417910447761194
2020/04/13,Andaman and Nicobar Islands,11.7401,92.6586,11,1,0,0.0,10,0.9090909090909092
2020/04/13,Andhra Pradesh,15.9129,79.74,427,409,7,0.0163934426229508,11,0.0257611241217798
2020/04/13,Arunachal Pradesh,28.218000000000004,94.7278,1,1,0,0.0,0,0.0
2020/04/13,Assam,26.2006,92.9376,29,28,1,0.0344827586206896,0,0.0
2020/04/13,Bihar,25.0961,85.3131,64,44,1,0.015625,19,0.296875
2020/04/13,Chandigarh,30.7333,76.7794,21,14,0,0.0,7,0.3333333333333333
2020/04/13,Chhattisgarh,21.2787,81.8661,31,21,0,0.0,10,0.3225806451612903
2020/04/13,Delhi,28.7041,77.1025,1154,1103,24,0.0207972270363951,27,0.0233968804159445
2020/04/13,Goa,15.2993,74.124,7,2,0,0.0,5,0.7142857142857143
2020/04/13,Gujarat,22.2587,71.1924,516,447,25,0.0484496124031007,44,0.0852713178294573
2020/04/13,Haryana,29.0588,76.0856,185,153,3,0.0162162162162162,29,0.1567567567567567
2020/04/13,Himachal Pradesh,31.1048,77.1734,32,18,1,0.03125,13,0.40625
2020/04/13,Jammu and Kashmir,33.7782,76.5762,245,235,4,0.0163265306122449,6,0.0244897959183673
2020/04/13,Jharkhand,23.6102,85.2799,19,17,2,0.1052631578947368,0,0.0
2020/04/13,Karnataka,15.3173,75.7139,232,169,6,0.0258620689655172,57,0.2456896551724137
2020/04/13,Kerala,10.8505,76.2711,376,195,2,0.0053191489361702,179,0.476063829787234
2020/04/13,Ladakh,34.2996,78.2932,15,5,0,0.0,10,0.6666666666666666
2020/04/13,Madhya Pradesh,22.9734,78.6569,564,528,36,0.0638297872340425,0,0.0
2020/04/13,Maharashtra,19.7515,75.7139,1985,1619,149,0.0750629722921914,217,0.1093198992443325
2020/04/13,Manipur,24.6637,93.9063,2,1,0,0.0,1,0.5
2020/04/13,Mizoram,23.1645,92.9376,1,1,0,0.0,0,0.0
2020/04/13,Odisha,20.9517,85.0985,54,41,1,0.0185185185185185,12,0.2222222222222222
2020/04/13,Puducherry,11.9416,79.8083,7,6,0,0.0,1,0.1428571428571428
2020/04/13,Punjab,31.1471,75.3412,151,135,11,0.0728476821192053,5,0.0331125827814569
2020/04/13,Rajasthan,27.0238,74.2179,804,780,3,0.003731343283582,21,0.0261194029850746
2020/04/13,Tamil Nadu,11.1271,78.6569,1043,982,11,0.0105465004793863,50,0.0479386385426653
2020/04/13,Telengana,18.1124,79.0193,504,452,9,0.0178571428571428,43,0.0853174603174603
2020/04/13,Tripura,23.9408,91.9882,2,2,0,0.0,0,0.0
2020/04/13,Uttar Pradesh,26.8467,80.9462,483,432,5,0.010351966873706,46,0.0952380952380952
2020/04/13,Uttarakhand,30.0668,79.0193,35,30,0,0.0,5,0.1428571428571428
2020/04/13,West Bengal,22.9868,87.855,152,116,7,0.0460526315789473,29,0.1907894736842105
2020/04/15,Andaman and Nicobar Islands,11.7401,92.6586,11,1,0,0.0,10,0.9090909090909092
2020/04/15,Andhra Pradesh,15.9129,79.74,483,458,9,0.0186335403726708,16,0.0331262939958592
2020/04/15,Arunachal Pradesh,28.218000000000004,94.7278,1,1,0,0.0,0,0.0
2020/04/15,Assam,26.2006,92.9376,32,31,1,0.03125,0,0.0
2020/04/15,Bihar,25.0961,85.3131,66,36,1,0.0151515151515151,29,0.4393939393939394
2020/04/15,Chandigarh,30.7333,76.7794,21,14,0,0.0,7,0.3333333333333333
2020/04/15,Chhattisgarh,21.2787,81.8661,33,20,0,0.0,13,0.3939393939393939
2020/04/15,Delhi,28.7041,77.1025,1561,1501,30,0.0192184497117232,30,0.0192184497117232
2020/04/15,Goa,15.2993,74.124,7,2,0,0.0,5,0.7142857142857143
2020/04/15,Gujarat,22.2587,71.1924,650,563,28,0.043076923076923,59,0.0907692307692307
2020/04/15,Haryana,29.0588,76.0856,199,162,3,0.0150753768844221,34,0.1708542713567839
2020/04/15,Himachal Pradesh,31.1048,77.1734,33,19,1,0.0303030303030303,13,0.3939393939393939
2020/04/15,Jammu and Kashmir,33.7782,76.5762,278,244,4,0.014388489208633,30,0.1079136690647482
2020/04/15,Jharkhand,23.6102,85.2799,27,25,2,0.074074074074074,0,0.0
2020/04/15,Karnataka,15.3173,75.7139,260,179,10,0.0384615384615384,71,0.273076923076923
2020/04/15,Kerala,10.8505,76.2711,387,173,3,0.0077519379844961,211,0.5452196382428941
2020/04/15,Ladakh,34.2996,78.2932,17,7,0,0.0,10,0.5882352941176471
2020/04/15,Madhya Pradesh,22.9734,78.6569,730,629,50,0.0684931506849315,51,0.0698630136986301
2020/04/15,Maharashtra,19.7515,75.7139,2687,2250,178,0.0662448827688872,259,0.0963900260513584
2020/04/15,Manipur,24.6637,93.9063,2,1,0,0.0,1,0.5
2020/04/15,Meghalaya,25.467,91.3662,1,1,0,0.0,0,0.0
2020/04/15,Mizoram,23.1645,92.9376,1,1,0,0.0,0,0.0
2020/04/15,Nagaland,26.1584,94.5624,0,0,0,,0,
2020/04/15,Odisha,20.9517,85.0985,60,41,1,0.0166666666666666,18,0.3
2020/04/15,Puducherry,11.9416,79.8083,7,6,0,0.0,1,0.1428571428571428
2020/04/15,Punjab,31.1471,75.3412,176,150,12,0.0681818181818181,14,0.0795454545454545
2020/04/15,Rajasthan,27.0238,74.2179,969,819,3,0.0030959752321981,147,0.1517027863777089
2020/04/15,Tamil Nadu,11.1271,78.6569,1204,1111,12,0.0099667774086378,81,0.0672757475083056
2020/04/15,Telengana,18.1124,79.0193,624,507,17,0.0272435897435897,100,0.1602564102564102
2020/04/15,Tripura,23.9408,91.9882,2,2,0,0.0,0,0.0
2020/04/15,Uttar Pradesh,26.8467,80.9462,660,605,5,0.0075757575757575,50,0.0757575757575757
2020/04/15,Uttarakhand,30.0668,79.0193,37,28,0,0.0,9,0.2432432432432432
2020/04/15,West Bengal,22.9868,87.855,213,169,7,0.0328638497652582,37,0.1737089201877934
